{"count":1,"gauges":{},"self":0.17695999999999998,"total":15.295682999999999,"children":{"AgentResetIfDone":{"count":2,"self":0.000289,"total":0.000289,"children":null},"AgentSendState":{"count":2,"self":0.0015539999999999998,"total":0.002809,"children":{"CollectObservations":{"count":8,"self":0.001255,"total":0.001255,"children":null}}},"DecideAction":{"count":2,"self":15.100588799999999,"total":15.110928,"children":{"AgentInfo.ToProto":{"count":2,"self":0.005363,"total":0.010339,"children":{"RayPerceptionSensor.Perceive":{"count":8,"self":0.0049759999999999995,"total":0.0049759999999999995,"children":null}}}}},"AcademyStep":{"count":2,"self":2.8E-05,"total":2.8E-05,"children":null},"AgentAct":{"count":2,"self":0.002139,"total":0.002139,"children":null}}}