{"count":1,"gauges":{},"self":92.63691519999999,"total":1453.7260959999999,"children":{"AgentResetIfDone":{"count":5422,"self":0.023811,"total":0.023811,"children":null},"AgentSendState":{"count":5422,"self":0.167284,"total":0.21767999999999998,"children":{"CollectObservations":{"count":10844,"self":0.050395999999999996,"total":0.050395999999999996,"children":null}}},"DecideAction":{"count":5422,"self":1359.682048,"total":1360.7868879999999,"children":{"AgentInfo.ToProto":{"count":5422,"self":0.26653,"total":1.104852,"children":{"RayPerceptionSensor.Perceive":{"count":10844,"self":0.838322,"total":0.838322,"children":null}}}}},"AcademyStep":{"count":5422,"self":0.004354,"total":0.004354,"children":null},"AgentAct":{"count":5422,"self":0.054404999999999995,"total":0.054404999999999995,"children":null}}}