{"count":1,"gauges":{},"self":209.814912,"total":534.56076699999994,"children":{"AgentResetIfDone":{"count":13197,"self":0.051788,"total":0.051788,"children":null},"AgentSendState":{"count":13197,"self":0.142268,"total":0.24282499999999999,"children":{"CollectObservations":{"count":26393,"self":0.100557,"total":0.100557,"children":null}}},"DecideAction":{"count":13197,"self":322.7300864,"total":324.276248,"children":{"AgentInfo.ToProto":{"count":13197,"self":0.50587399999999993,"total":1.5461509999999998,"children":{"RayPerceptionSensor.Perceive":{"count":26393,"self":1.040277,"total":1.040277,"children":null}}}}},"AcademyStep":{"count":13197,"self":0.013432,"total":0.013432,"children":null},"AgentAct":{"count":13197,"self":0.158014,"total":0.158014,"children":null}}}