{"count":1,"gauges":{},"self":71.1251264,"total":181.919971,"children":{"AgentResetIfDone":{"count":4195,"self":0.016913,"total":0.016913,"children":null},"AgentSendState":{"count":4195,"self":0.046563,"total":0.081779999999999992,"children":{"CollectObservations":{"count":8390,"self":0.035217,"total":0.035217,"children":null}}},"DecideAction":{"count":4195,"self":110.108736,"total":110.645882,"children":{"AgentInfo.ToProto":{"count":4195,"self":0.21970199999999998,"total":0.537144,"children":{"RayPerceptionSensor.Perceive":{"count":8390,"self":0.317442,"total":0.317442,"children":null}}}}},"AcademyStep":{"count":4195,"self":0.0027879999999999997,"total":0.0027879999999999997,"children":null},"AgentAct":{"count":4195,"self":0.045107999999999995,"total":0.045107999999999995,"children":null}}}