{"count":1,"gauges":{},"self":23.2248864,"total":94.882607999999991,"children":{"AgentResetIfDone":{"count":1358,"self":0.0055369999999999994,"total":0.0055369999999999994,"children":null},"AgentSendState":{"count":1358,"self":0.01556,"total":0.026385,"children":{"CollectObservations":{"count":2716,"self":0.010825,"total":0.010825,"children":null}}},"DecideAction":{"count":1358,"self":71.4255488,"total":71.601299,"children":{"AgentInfo.ToProto":{"count":1358,"self":0.070042,"total":0.175747,"children":{"RayPerceptionSensor.Perceive":{"count":2716,"self":0.105705,"total":0.105705,"children":null}}}}},"AcademyStep":{"count":1358,"self":0.0016359999999999999,"total":0.0016359999999999999,"children":null},"AgentAct":{"count":1358,"self":0.01936,"total":0.01936,"children":null}}}