{"count":1,"gauges":{},"self":279.2864256,"total":843.43500599999993,"children":{"AgentResetIfDone":{"count":16266,"self":0.074618999999999991,"total":0.074618999999999991,"children":null},"AgentSendState":{"count":16266,"self":0.677141,"total":0.916515,"children":{"CollectObservations":{"count":65064,"self":0.23937399999999998,"total":0.23937399999999998,"children":null}}},"DecideAction":{"count":16266,"self":556.4418048,"total":562.86132,"children":{"AgentInfo.ToProto":{"count":16266,"self":1.29634,"total":6.4195269999999995,"children":{"RayPerceptionSensor.Perceive":{"count":65064,"self":5.1231871999999994,"total":5.123187,"children":null}}}}},"AcademyStep":{"count":16266,"self":0.013986,"total":0.013986,"children":null},"AgentAct":{"count":16266,"self":0.27993399999999996,"total":0.27993399999999996,"children":null}}}